difference0,difference1,difference2,difference3,difference4,difference5,difference6,difference7,difference8,difference9,difference10,difference11,difference12,difference13,difference14,difference15,difference16,difference17,difference18,difference19,difference20,difference21,difference22,difference23,difference24,z_score
-11.46671734,-15.12333071,-12.57986824,-7.844841007,-3.103549377,-9.871735361,-10.71426494,-2.805588348,-6.73388094,-4.796243886,-5.170826966,-1.07666088,-4.08008353,-7.379301177,-5.468441597,-6.860843849,-4.637954483,-4.863202693,-7.999258698,-8.844833139,2.712880628,6.308521711,-4.588737904,-6.656812604,-4.320084082,-1.129215851
-3.185849187,-2.579043723,0.617272061,2.681146427,1.572544806,-1.717105847,-4.442990119,0.186301699,-0.28609631,2.346421844,-5.957247801,-5.599849509,-2.620719132,-0.114372828,0.470656321,0.578577372,-2.555358864,-7.945474401,-4.9124361,-6.327041859,-2.376592416,-9.257701495,-2.536887552,-3.690971015,-11.07133124,-0.698714915
-9.810171246,-8.028012124,-10.41886113,-9.460767709,-7.09344231,-7.962340007,-14.57891814,-11.62181398,-11.15433507,-12.47084711,-12.04004171,-7.974559533,-7.324567529,-11.63548547,-15.53815733,-12.29475888,-6.849356189,-10.04553479,-8.239419006,-11.01357036,-16.62607731,-11.98476005,-8.79050201,-13.1504163,-12.43409392,-1.062922164
-11.00552557,-1.072359182,-11.00340817,-16.65045745,-1.925310481,0.592128452,-2.017948362,-3.566248037,-7.898902979,-2.42845215,-1.377154533,-5.461562881,-9.768581079,-2.700911086,2.285835433,-3.278275026,-2.54504395,0.482962491,-11.59091002,2.403569597,0.207600077,-5.41230489,-3.032722371,-4.903842131,-11.58760558,-0.770723069
-13.52324045,-6.762510443,-4.346502169,-14.28525309,-19.65045315,-15.35663453,-20.08421904,-20.51538974,-11.91909675,-11.21358344,-18.86553757,-20.82834718,-18.71500934,-22.31372559,-18.97174156,-12.76522756,-9.866586503,-5.275275572,-17.93224621,-25.56059583,-12.95602301,-24.38033669,-22.98844512,-23.49613899,-25.21120051,-0.965464294
-2.439796324,-2.877395103,-2.194839784,-4.601333679,-11.08250356,-15.13007095,-14.27279828,-12.07944498,-5.609163319,-4.973369118,-10.98753587,-10.54667554,-9.644011804,-10.14141401,-7.137611634,-7.729471454,-7.862631199,-5.998552412,-8.155664826,-3.144703459,-3.637099638,-0.85048238,-9.033652488,-11.25344654,-15.28318516,-0.653356282
-0.32454074,2.900809434,-7.258049604,-2.802303609,-1.90810301,-2.490414801,-2.808491927,-6.350349167,-4.074929688,1.207246272,5.829962241,-2.263401382,-0.861106783,-2.12341247,-2.950165773,-1.210504263,0.432054315,-2.199753576,-1.090096175,0.57225942,-3.030179353,0.310899093,-4.080183137,-4.507024179,-9.408367279,-0.949099601
-12.30116356,-12.33536864,-13.6480082,-15.59782293,-15.27251067,-13.25034074,-12.22229108,-12.53713923,-14.14372978,-16.80003347,-14.34917153,-15.69211541,-12.62835292,-15.14764088,-16.18100405,-12.94409363,-13.19755498,-14.00679986,-14.80687234,-16.92388393,-15.34276445,-13.78102833,-11.12950997,-12.92469995,-15.04530232,-0.913369517
-9.625066455,-3.406441108,-4.591302492,-5.748145195,-6.968887249,-10.53116211,-1.046780408,-2.596760086,-4.30095583,-5.208341559,-6.135324125,-9.037448634,-2.040277985,-3.004055962,-4.743418965,-5.668453941,-6.445049545,-7.529148099,-8.398882807,-7.413320429,-3.337145569,-2.427094065,-7.66282195,-7.707855903,-9.302760346,-0.976052378
4.942587055,3.544236253,2.169985434,-8.139853433,-7.996198645,-10.63708501,-3.793082936,2.170306508,2.160272305,-4.830028965,-13.07261035,-15.20933566,-15.96094236,3.849966882,0.727464615,-5.747130679,-1.94939228,2.626802421,-1.991089248,3.39876183,-3.06199982,-2.960036398,-1.05981605,-2.7649662,-1.133247537,-1.088993199
-7.089649331,-13.42280092,-12.38798022,-5.146259568,-8.423939245,-18.06131592,-17.85324977,-11.74590693,-3.476928964,-2.959826326,-6.120413103,-2.828911712,-7.568305844,-1.628707157,0.803581346,-4.921674802,-8.117043711,-20.68405414,-11.12855587,-10.6715411,-7.509693461,-13.29452988,-6.595729397,-9.607358267,-20.07778704,-1.007885245
-8.418099629,-5.417455738,-5.806855243,-6.744885568,-9.250197481,-10.07546975,-4.451943441,-5.41397236,-6.281694682,-6.961650595,-10.672689,-2.895349823,-3.660720658,-4.796036262,-6.697186528,-8.06474214,-6.748429443,-4.304159222,-4.682295868,-8.99879672,-7.884627114,-8.267416778,-9.684993636,-10.0356265,-10.10489228,-0.64354707
-8.209301089,-3.94512193,0.07851415,-7.956233476,-11.18377439,-6.084421745,-13.97104938,-6.90465748,-8.125456214,-2.003850966,-4.219707447,-3.164697233,-10.32122306,-0.471190773,2.957734533,-8.082132299,-12.32247619,-4.853148857,-10.28187969,-3.417450165,1.247372643,-1.887533639,-5.441064335,-5.746801659,-12.30725021,-0.977577151
-7.556993638,-13.12451209,-9.075522407,-21.28334376,-23.45834485,-14.9332145,-17.06464548,-5.466607006,-6.173458857,-18.23021978,-18.22565288,-19.39661912,-7.849205576,-14.72035252,-12.20715291,-4.718855977,-14.88359871,-11.95494822,-10.48295676,-14.12049924,-17.54586024,-9.397547336,-8.706290042,-18.22618845,-20.13714616,-0.670480733
5.447008694,3.373952944,-6.841921044,-13.11424936,-6.409659562,1.161563793,1.544397905,-0.885791305,-1.728123632,-11.36406721,-7.136750019,-0.894241371,0.98786051,-2.447963749,-6.687066124,-11.77852631,0.57887228,-0.05889316,-4.31422728,1.646053549,0.568814022,-2.799562949,-1.793276042,-1.518987436,-1.712033939,-1.108489129
-7.371062774,-7.434389766,-7.486895131,-8.809258814,-8.483503711,-12.9331898,-7.556765338,-5.949464733,-5.444135549,-7.370565884,-8.036005931,-9.479482992,-11.38030765,-5.344920385,-4.922785869,-9.299578842,-9.083998323,-11.94590485,-10.41367263,-5.986774793,-6.362220571,-8.78372055,-9.244273789,-10.16955063,-10.87676164,-0.996599782
-14.91977255,-2.049011956,2.319859109,-0.751857021,-3.52185037,-1.958025436,-8.371166324,-3.240609674,-9.622956979,-4.386807014,-1.388405639,-10.43732972,-19.10844457,-9.373003189,-3.474788746,-2.064464938,-0.112828223,-7.605980177,-8.816541341,-3.667782859,-2.829687768,-4.257654742,-5.015989859,-8.906293849,-16.20403763,-1.166060737
1.012603299,-2.02215992,1.209429544,-4.062288111,-1.372458081,2.567996676,-2.809984395,-2.274301355,-1.154979285,-2.423880354,-0.481959094,1.115354652,-2.404328052,-5.315370672,-2.047517238,-1.065704646,-4.709815232,-9.224822096,-9.123457605,-17.4761598,-1.307350364,-0.299321972,-5.253064262,-5.495713593,-7.837584639,-1.436103383
-4.036051478,3.832948013,4.189981933,4.279780294,2.926147357,1.104542137,3.902305249,-7.82043828,-1.447572818,3.607850822,0.825653517,3.29235993,-5.554426481,2.195097981,2.842477903,2.063102058,5.70570271,-6.001626757,-4.25951655,-11.78402391,-11.77840978,-12.38840272,-7.728441529,-1.150384761,3.57486059,-1.60276068
-16.92636791,-15.44772221,-8.690812911,-16.74777931,-19.43977071,-3.151912247,-5.588828975,-22.53537359,-20.69269804,-10.44173418,-1.341297837,-1.2037437,-24.50162223,-18.73177663,-18.31064767,-10.28269918,-16.11919813,-21.97171045,-13.63980939,-0.274329765,-7.783775195,-12.51963517,-14.02421633,-14.02649414,-16.63769731,-1.707811274
-6.866107918,-7.362105889,5.021827166,6.043452957,1.443490278,1.284657391,-2.52015391,2.474774132,1.54766353,-5.20463427,0.992393918,-7.538252661,3.818026987,5.359167726,3.841041942,3.651718992,-4.09575366,-1.878014584,-1.02098895,2.251347459,2.291015204,-0.680339377,-0.893215959,-0.005371593,-3.485348117,-1.730335481
-5.908830442,-5.059295488,-2.376648836,-5.371166604,-7.284862838,-7.710066917,-11.16786719,0.540425275,-9.504366023,-4.393968911,-7.233040418,-12.88593625,-12.07790349,-1.16990676,-1.790112401,-5.143346655,-4.60976591,-3.75717806,-9.911220212,-10.89229275,-3.37025283,-3.881036627,-7.669453919,-10.2326216,-15.4428732,-0.791304047
2.711905058,1.849306492,0.743849308,-3.399293163,-1.589350019,-9.493145509,-2.573313488,-2.145689339,-6.02884669,-5.172444814,-14.83491258,-14.86153607,-3.392112271,1.495077814,-5.78964047,-17.40214218,-20.22974835,-17.29891804,-22.98722043,-16.04304485,-2.388117185,1.175796802,-3.159183066,-2.712182156,-3.208731833,-0.900764052
-8.375123106,-3.147298748,-6.480025743,-8.447317425,-9.811766197,-15.41098045,-5.205072725,-3.549371237,-7.413305334,-5.381364834,-1.683541593,-5.938829369,-4.23922358,3.008190823,-0.590734925,-0.08508841,-6.990718489,-3.225018935,4.235667164,8.457069502,10.0923912,10.13865308,7.337036982,7.932879069,3.012803536,1.562767015
-13.32245233,-3.958642552,-6.212762134,-10.60983086,-22.2759663,-7.144996541,-3.968449755,-4.008391367,-4.359821248,-5.29029034,-17.37976761,0.164041708,0.064427456,-3.681125029,-1.211717436,-17.22030597,-3.949446391,-3.952535954,-6.567704768,-8.915691491,-2.450082698,-4.87317113,-4.466005939,-3.934821706,-6.742184576,1.182873372
-4.835789786,-6.093832165,-3.214498676,-3.103172809,-8.363765741,-7.802428933,-12.0568107,-1.221246436,-2.08045307,-5.620863669,-2.313978194,-0.598217367,-1.98803269,-14.28563473,-11.73255479,-7.463854292,-9.266048705,2.823402552,2.51361904,1.849200411,0.043305336,-0.678017139,-1.311371314,-1.128690274,-9.166681321,1.450748781
-14.14511036,-12.97208038,-13.45067447,-9.280754285,-9.50630779,-10.1734449,-13.70257831,-12.75040857,-8.027558575,-7.786103886,-9.138592811,-12.73077906,-5.401550882,-8.723783494,-9.450780907,-10.41413935,-12.14724815,-8.615785925,-5.234474543,-8.31182747,-8.746592197,-7.1836515,-8.247669444,-9.252396307,-9.504825895,0.795809356
-11.54365127,-10.69480541,-11.06352049,-7.278526317,-7.771720364,-10.7091515,-11.80978677,-8.642908583,-5.183030863,-6.32327138,-7.936417673,-6.220424986,-2.856790471,-3.48082532,-6.303058041,-6.987168855,-7.691220945,-9.440053214,-4.512474246,-2.789482903,-5.01301994,-5.589494628,-5.45970205,-7.026992964,-7.689702497,0.582639472
-12.97451525,-10.22521566,-11.8633405,-12.08713473,-14.28803702,-4.581815413,-3.87628623,-11.65327456,-14.13787471,-8.7648445,-11.48738937,-9.714811069,-11.20042882,-2.223191446,-5.173200746,-7.04112518,-0.903306994,-0.454591362,-4.727410284,-12.19445504,-4.806108912,-4.318253618,-10.82442378,-12.34720686,-10.985365,0.707929092
-4.784685595,-6.617714715,-2.437689957,-5.7428265,-10.36185509,0.753994762,-2.432561007,-2.468994753,-6.997363122,-12.47891497,1.386919061,-1.775915862,4.078697442,5.267737225,-5.294056085,-2.741406084,-6.952520843,-3.532112794,1.236156889,-2.483328608,-12.52693483,-14.77435074,-14.79343562,-21.95397643,-20.59898311,0.811068065
-23.88779484,-24.42205504,-23.75892015,-21.61601296,-22.01333603,-23.22396385,-22.67057547,-22.07867385,-20.91695916,-21.20723378,-22.93767466,-19.56028148,-17.03462261,-20.94546515,-20.23212199,-22.16930284,-23.92207338,-16.83573776,-19.47612074,-19.63102993,-19.14526406,-22.18523927,-21.15981771,-21.05541287,-21.62372871,0.545591262
12.61387359,-2.16855236,0.04054795,2.202834252,-7.00744544,-19.26086222,2.125541735,0.808275915,-6.986918493,2.815763179,-3.862497774,-9.612653397,6.585180396,-3.788956512,2.436115322,2.441762894,4.756813766,1.119522863,-7.259425933,6.292731112,3.809898609,5.244219059,-5.921538322,-1.171253917,-3.655167732,0.562708925
-21.60264713,-10.98499394,-13.00740906,-11.74802018,-7.931859978,-2.96274422,-16.30964672,-12.33677275,-8.603234831,-8.628297549,-5.82817743,-6.05707249,-16.95693692,-7.009362334,-3.749505179,-8.325219065,-8.581534507,-11.10870006,-16.74472566,-5.427506319,-5.22835336,-6.769228018,-7.334601858,-9.653509438,-19.08336904,0.952025982
-12.77298125,-12.10610683,-13.30282128,-10.21898434,-9.437338396,-9.484552008,-9.980076585,-7.741543042,-13.05175516,-8.753326508,-8.402638162,-8.788491806,-6.756260495,-2.867954557,-7.978052411,-9.693394509,-4.921308819,-11.35180212,-3.730179219,-3.553924057,-5.416756316,-8.343478216,-6.445377833,-8.36021012,-8.315961537,0.837206067
-8.897690675,-0.725700777,-6.081486405,-2.830776623,-5.113266411,-6.599458883,-7.208887728,0.207580638,-1.583744106,-2.477698062,-2.608832673,-5.070234423,-3.954896752,1.875859126,-0.696839302,-3.47394716,-5.144723607,-4.927413904,-4.775765952,-0.34859186,-0.689477901,-2.651393901,-2.590806919,-2.039879582,-3.593597511,1.076238011
-8.871594778,-3.053255973,-4.640372048,-2.998276907,-2.366913476,-3.151782438,-7.837259798,-4.420487374,-3.320180708,-0.701857906,-2.493709051,-4.380674221,0.845683665,1.067320213,-1.693963093,-3.35768539,-6.057198102,0.319688814,1.722867211,-0.858398388,-1.401562509,-1.057275055,-2.396904189,-2.446094303,-2.656702784,0.778961417
-10.43714996,-3.348958061,-1.37837944,-2.098743319,-3.150496208,2.407661489,0.170490897,-6.555002174,-3.222838536,-3.758277955,-6.609902839,-10.52032181,-9.53718389,-1.494156103,-2.164628292,-3.767666572,-5.74942028,-9.492532762,-10.3789372,-1.302036503,-3.359715632,-6.315534546,-5.410382121,-7.168881605,-7.646750351,0.930116486
0.342935907,-7.161188981,-4.662608902,-5.974907946,-2.016003211,-4.850037519,3.225311824,-5.988137083,-2.38403015,-4.51029146,-2.226245064,-4.259466228,-0.223307402,0.377724058,-0.46983636,-0.833969626,4.984103887,3.793448673,1.306270985,1.700145098,1.490277057,3.445322953,-1.40325849,-3.589990375,-4.070760432,1.629736715
-8.06949173,-7.590433963,-9.090083598,-10.02925236,-6.311171704,-7.074263696,-7.210841977,-7.954115387,-6.562085163,-9.537508117,-4.320462823,-5.888030698,-6.332656576,-7.813701888,-0.86235775,-3.055110004,-5.510569244,-8.070824357,-8.457687585,-1.870933523,-2.380395532,-5.537826469,-4.14471133,-5.898468935,-6.28773317,0.556478368
-10.22811017,-11.50158585,-13.48510807,-8.712227698,-7.76372441,-8.389953127,-8.703736663,-11.05945805,-11.18972459,-12.86243012,-6.091146947,-7.428300435,-7.889156874,-11.96817849,-8.205698042,-5.870845519,-8.284662604,-8.442895568,-10.87985937,-10.73789769,-5.024928972,-7.078926809,-5.869202492,-7.630800654,-7.56148414,0.742391724
-10.4365568,-9.900656551,-10.75669166,-5.563458151,-6.846682675,-7.659315539,-10.49227694,-9.022815673,-7.085309168,-4.387681494,-6.05684918,-8.936282087,-1.940598376,-1.455253106,-4.023512708,-5.835410086,-7.641625884,0.081148011,0.134795387,-1.522961179,-3.359847009,-6.035633971,-4.742086499,-6.076679114,-6.413192457,0.708551425
-17.09532782,-17.73579681,-15.40659679,-14.15776331,-14.33282086,-17.72563417,-17.88680065,-10.0655795,-8.636638259,-9.655657003,-8.927861692,-9.431519941,-7.914635577,-11.82479551,-16.44169329,-11.35130943,-6.998969414,-7.760289904,-12.19429588,-11.99852458,-10.45828343,-12.46159088,-12.20560001,-12.63422919,-12.54519745,0.987776877
-10.09553155,-7.736451957,-6.809457109,-7.839394578,-7.176637206,-7.564818521,-7.496386995,-10.95333462,-7.909772942,-5.608197714,-5.916290692,-6.802053647,-8.290092168,-7.578116754,-2.21042354,-4.339208215,-7.181059901,-6.587524476,-9.329160758,-7.014922527,-2.928985102,-7.101757174,-6.798047187,-6.025516739,-6.964180139,0.560341896
-19.52174942,-2.486133213,-5.992586123,-7.537249253,-8.187378354,-19.5822774,-9.077765628,-5.195655026,-8.688554277,-9.354267519,-12.39162213,-13.44658896,-3.116192696,-2.245227601,-10.42419487,-7.383203361,-6.151510949,-7.715150247,-9.664146789,-5.286472018,-6.401286061,-7.067323165,-9.329919501,-7.983885841,-14.81346732,1.147625362
-2.263883438,1.148589426,-2.226300996,-6.486505809,-6.782787429,-7.373667914,-3.934908134,1.171871941,3.320737146,-4.386528203,-6.033543149,-7.68918104,-0.676779421,3.471462684,2.452702492,-4.466426081,0.471565707,-1.155399897,-3.644334326,6.218459125,-2.641193492,0.921171604,-4.235642719,-5.494240888,-6.392560854,0.828061244
-4.331677303,-4.052862707,-5.852518731,-6.97499369,-8.74204435,-4.023289327,-1.906400774,-3.614795537,-4.045567139,-2.533915296,-0.437392458,-5.15784987,-3.018921907,-2.183353652,-1.121017041,-3.137757075,-3.531220168,-3.745205942,-3.501488253,-3.87039312,-5.170986092,-5.368376557,-5.941324695,-5.18119973,-5.650558172,0.573285842
-1.441798802,-1.911826549,-4.110589821,-10.12611811,-10.14698111,-5.523015085,-2.048225829,-1.094706161,-6.126143358,-6.349199379,-8.25563857,-2.954832034,-2.129407269,-4.395541122,-7.693690625,-9.257953364,-10.10103103,1.236843776,-3.983796248,-4.953034274,-5.99107054,-7.365146194,-7.580722759,-9.194547796,-7.966578457,1.146387502
-5.565506527,-6.473119204,-4.096040289,-4.392270069,-3.208968627,-3.617813824,-4.048338347,-3.978609096,-4.178662307,-9.026576307,-4.982404298,-1.805914556,-3.610541737,-3.057351534,-6.636668113,-7.511089943,-3.649993085,-3.299018812,-2.030110509,-1.542391948,-3.386010854,-3.900642722,-3.881615132,-3.906989903,-3.92403404,1.159132234
-10.47812739,-10.4194896,-6.806017311,-7.274153523,-7.155983147,-8.245626263,-3.683607296,-10.60456667,-6.464572067,-6.286813827,-5.817602528,-7.087575397,-6.570651836,-2.526139736,2.395528524,-6.139867251,-2.170035265,-3.408273469,-2.220708681,-0.185464682,-5.744101193,-4.741387965,-4.665673856,-6.688788636,-6.915727235,0.517489829
-6.674044267,-6.740035701,0.195971882,4.656282593,-2.99689677,-2.942667394,-6.068814247,-6.823062665,-4.232678075,9.31496522,5.47547332,-1.889694798,4.920325496,2.231220039,0.257727655,-2.790892831,-3.317916805,-4.960932153,-1.645671471,2.853809597,2.079212894,5.286614309,6.011668295,7.380699566,9.937923144,1.190324995
-19.81503042,-18.5402995,-14.84070689,-13.83540754,-9.795320989,-4.217084368,-10.33585247,-9.810882021,-15.72411607,-16.08436712,-17.68952426,-17.31300406,-16.96857151,-15.68106419,-16.2860187,-16.79977388,-19.9560933,-12.94066597,-14.62343162,-13.44438618,-13.68901725,-15.1259935,-13.93689065,-15.06088459,-15.47888906,1.285455915
-7.161917922,-7.019422134,-7.246669159,-3.175778106,-5.480776179,-6.753078249,-5.019946162,-6.604283928,-2.127672012,-7.23085962,3.220224547,3.738790369,-2.544656548,-4.832291452,-4.790950243,1.521332079,3.030399915,0.956502923,-1.763920032,0.041382081,-0.067976012,-1.906719244,-1.906785136,-1.893952084,-1.89871534,-0.268121845
-20.87781938,-19.31658028,-19.31643018,-15.45156397,-14.40048578,-14.80238456,-12.97588891,-20.4740007,-14.15540132,-12.79171136,-11.24250234,-12.02281617,-13.99076922,-13.52584003,-20.77408401,-9.321709979,-10.27527179,-16.15487463,-18.5318339,-18.20140088,-11.58337989,-16.17784841,-14.22445533,-14.54814348,-16.75357754,-0.536263303
-19.55735892,-0.355960313,-0.266975988,1.128870023,-3.215114551,-6.122304297,-5.412506592,-14.19412517,0.122073087,-2.128550742,-5.531069065,-5.486933262,-8.525301796,-5.401846528,-2.676358669,0.371823378,0.150258501,2.324873904,-1.38074429,-4.241146243,-2.042779281,0.634937174,-7.604774427,-1.459939968,-12.33230004,-0.441303885
-12.56963862,-9.950201115,-10.6729441,-7.480514551,-7.508752417,-8.048465481,-11.49948335,-10.78267445,-10.38431242,-6.906885524,-5.026283387,-6.884588698,-7.013875245,-8.562990419,-3.654463112,-3.732937007,-7.409879274,-7.85100125,-7.189893781,-3.807882479,-5.140500419,-8.16868384,-6.649026398,-6.830270797,-8.367529435,-0.050594688
-7.935717607,-7.412927982,-9.490439373,-7.078230963,-5.505174317,-6.437186776,-6.089133307,-7.785672052,-8.525688095,-8.857265346,-6.064247837,-3.742629355,-5.940479016,-5.388413174,-9.738688236,-3.070877287,-5.939716555,-7.045321287,-8.295555203,-3.117370384,-4.658875027,-5.09004753,-5.101837985,-6.16185656,-6.403037326,-0.506715559
-5.148669712,-13.45302783,-19.0773871,-5.773623561,-11.94464974,-19.27109921,-21.78077766,-18.16855573,-12.11095706,-6.803000763,-8.382576437,-15.94087265,-3.947197536,-5.859582182,-5.53224702,-6.627982169,-11.2442537,-10.61239093,-19.2590968,-13.96681718,-14.24973005,-18.1607473,-14.44232204,-18.17192736,-21.79234207,-0.401552408
-12.15403516,-12.43161286,-12.45991397,-7.900005193,-7.814891381,-8.451804522,-11.18471277,-12.75959444,-7.060133992,-4.781405018,-6.268889309,-7.761275522,-4.640873607,-6.600207757,-8.504550901,-9.496498983,-9.542560015,-10.68182021,-9.937430571,-5.183773986,-10.15003936,-8.467614777,-8.053038319,-9.645333947,-10.06061891,0.118075608
18.52023966,18.82518118,18.91790286,20.33470322,20.10359257,18.91093245,17.64466044,18.79177804,18.76584488,18.77824445,20.67605937,21.04156242,20.88827296,18.72376387,18.73361371,18.47860879,18.84191162,18.87957873,18.55491806,20.37746071,20.96694947,20.97630541,20.97655725,18.12627191,3.930437722,-0.127656572
-11.23651516,-11.6015769,-9.731939253,-9.058583015,-9.63978849,-9.518269793,-10.82843142,-12.01619855,-13.21839668,-8.572590839,-6.625501271,-7.206411669,-9.054749041,-8.32862428,-4.060484702,-5.440188869,-6.888234506,-8.831508773,-9.077300344,-3.82700094,-4.45651091,-8.983634438,-7.028926786,-7.725029383,-8.851835408,-0.302272991
-0.814080236,2.068584567,0.555711446,-3.185388059,-2.439558495,-5.722854861,-0.095589487,4.333870041,2.179563022,-0.16905739,-1.411858282,-5.017225285,1.796318149,-0.433458491,4.046787836,-3.001318274,-0.67036721,-2.919539677,4.873504363,0.677299776,2.115881977,0.862144082,0.233948496,-1.231931906,-9.294546862,-0.008157769
6.519453319,3.058467512,-0.852300882,-5.983619697,-7.03155477,-2.893210549,-0.195469729,0.299678472,-2.020269566,-4.342216441,-6.048993314,5.08167658,0.3550537,6.574095169,-4.482360796,-0.15738995,2.765479942,-3.649337254,2.30730285,3.105400817,0.952844559,0.898277722,-4.23183651,-5.963909891,-6.091104994,0.230834322
-12.42318396,-11.82286759,-11.05470733,-9.207602119,-9.60131112,-12.39687509,-12.33069577,-12.81532781,-8.616578761,-7.974980512,-9.207652347,-10.57480874,-4.9556665,-3.797234842,-1.921045478,-6.654110871,-12.00454509,-10.48210972,-4.467762963,-5.234634255,-4.227164684,-7.477666025,-9.1315903,-9.379207829,-9.397767393,0.331641767
-12.6885362,-11.63812474,-6.543141426,-6.876816465,-7.764371345,-8.058803068,-10.73974508,-10.66234246,-7.821813691,-5.6932822,-7.010453584,-7.528160413,-9.389491802,-3.642112616,-8.332619102,-8.33484769,-11.76373228,-12.47792398,-6.764327711,-5.31971699,-8.327255749,-9.221386784,-9.157179868,-9.72253649,-10.3887572,-0.230391404
-10.45709567,0.381708046,-4.917845435,-6.865142719,-7.946564017,-7.921411365,-8.163859674,-9.107320189,-3.806681383,-5.266286291,-7.057501668,-6.555275096,-12.20864622,-0.65973656,-2.210088258,-4.877394787,-7.079489428,-9.188342078,-8.628232783,-2.610388088,-2.450887286,-5.702701122,-4.572384771,-5.430548207,-6.746497651,-0.407183149
4.857775026,5.675275807,1.739351028,-2.499424358,7.20311376,-2.998744775,5.562114138,4.929014535,0.022835255,-2.004557772,-1.865783486,2.242397146,2.298717355,-0.211473908,-2.963654703,2.156338631,6.920791809,4.391333292,3.912422826,1.108113228,-1.4089343,0.123743239,-0.065221035,-0.307430436,-2.029236761,0.20031306
-2.993201353,-3.745547888,-3.945344304,-3.816697158,-5.372709372,-0.493017494,-1.85935357,1.915770384,4.849533327,2.038278099,0.749737598,-1.696642682,-2.792591832,-3.771054081,4.666066778,2.986234661,3.083098459,1.124556576,-0.047822475,-1.916726584,-0.531802976,0.528770511,-1.709579973,-1.68308627,-1.801253167,0.080753712
-5.555009464,-4.804044579,-4.849022224,-4.261101761,-4.336099421,3.661363051,-2.974689366,-13.76481317,-14.54745971,-13.50174981,-8.545046267,-8.944475717,-9.898774595,-7.43612781,-5.901041441,-14.38422206,-5.748885556,-2.60547071,0.508532485,-9.949257415,-6.325057294,-11.65454729,-14.12641517,-15.52361059,-12.43453772,-0.411269746
-4.87832048,-2.868256389,-5.47923725,-3.934253767,-0.515641932,-4.287203116,-6.740137331,-5.807831993,-5.746801659,-2.635064676,-2.238968675,-0.794471129,-5.795990894,1.044526306,1.041432981,-5.692585212,-19.55294557,-21.47648991,-19.50935954,-5.640145677,-2.0516917,2.673705306,-1.04247568,-1.302057713,-12.83047082,-0.546968143
-12.08086802,-8.83950544,-12.37935132,-9.25558594,-7.844717206,-8.77385541,-8.728847689,-10.01742339,-10.58008201,-12.26886409,-8.486474473,-6.410072645,-7.846202882,-7.854159611,-9.091663459,-4.634675877,-8.075497202,-7.522007636,-8.09205047,-6.377398283,-7.143406366,-9.859405011,-8.75474545,-9.326918444,-3.157447707,0.190382101
-15.69138494,-13.50808044,-11.9928798,-12.95045217,-15.79177266,-16.90762922,-17.13111777,-13.46886778,-4.552540828,-9.901423333,-9.565722031,-11.89041421,-11.51818546,-10.7694583,-13.35841892,-12.17765164,-13.36052567,-9.202412684,-9.935439844,-15.08494259,-11.15911321,-7.972673048,-7.746974157,-13.53985439,-11.03313126,0.04312304
-2.261293949,0.342511582,-4.770530395,-13.54213387,-12.4631265,-6.51345341,-2.547060858,-1.422021358,-4.940729671,-5.630665396,-9.395990092,-5.416931169,-9.499120932,-4.628775952,-0.519138495,-3.362223907,-1.607096071,-14.73548362,-16.60630011,-5.313578969,-4.334039837,-1.075164061,-6.048979364,-7.606010704,-7.314133791,-0.149979551
-10.64783494,-10.0782513,-9.950690462,-10.90340549,-10.80691499,-10.97164103,-10.79046955,-12.91660838,-7.955127677,-8.812302374,-10.47753282,-10.01131901,-11.96421227,-6.544935812,-8.806690204,-9.495698857,-9.824027952,-9.93030692,-10.01044213,-7.605232297,-7.976196732,-8.332475846,-9.689968251,-9.427025971,-10.0017458,0.029119184
-23.65558868,-8.511223863,-10.99809722,-8.921800225,-22.96430132,-20.35071079,-19.21027507,-11.90113036,-15.06576866,-21.7657278,-20.31585022,-14.95802915,-13.49327682,-14.99873308,-19.07371605,-20.23041294,-20.20192197,-23.21659162,-14.14014526,-13.34518847,-19.02446899,-16.71827464,-20.74817363,-21.34662027,-21.87076114,-0.295682417
6.500097295,2.416270137,2.765320639,-7.185871051,-5.482666279,2.220952873,7.354463776,1.464662566,0.181883138,-3.293449805,-3.849629439,-0.912252941,1.676714567,0.102106695,-0.782230566,-4.189923108,2.057600343,-3.146024648,-7.353845578,-5.672685065,2.359310279,1.828626251,-4.273083604,-3.979079466,-2.058991122,0.214002138
-5.368658224,-2.922904965,-1.639906713,-6.242375848,-6.749823954,-7.260503137,-6.016839582,-2.838423698,-2.046642611,-2.522361369,-4.722848322,-6.25725114,-5.571273126,0.094722192,-4.611627459,-0.322125439,1.484527031,-3.314592979,-2.598451571,-2.332415666,-4.884619108,-4.650920698,-4.59226431,-6.230008324,-6.526684821,0.441566134
-4.337780122,-5.016200138,-0.950805491,-8.842308425,-9.43150298,-7.879431759,-3.419127894,-2.609084275,-5.063446198,-7.361187882,-8.66389098,-4.849516847,-2.827220725,0.150824082,1.56265231,0.951066297,-7.300121945,-10.88262567,-5.910809378,5.580844147,2.199317406,-5.601032153,-8.224701502,-9.208506244,-9.525413448,-0.148641739
1.472804423,-1.198482624,-3.645803483,-6.451131013,-7.094183223,-3.357649565,-4.58935337,0.084858235,0.00951917,-3.24873665,-4.861574409,-0.205828955,-0.113481693,0.291981232,1.942959922,2.797319513,-5.381942019,4.007594445,6.550394185,3.85311669,-0.788519632,3.036847442,-5.230868106,-6.330784801,-0.355920149,-0.170129436
7.929768432,0.906512926,-1.567669519,-7.199477603,-6.73822098,-8.056374747,5.754887155,1.267113025,-1.053114065,-3.776044832,-5.81054242,-2.396531385,-7.40280291,5.213922959,4.938379603,0.061928271,-7.618622718,0.158545337,-2.368379634,-13.79747694,-0.357988694,1.732303714,1.464617373,-10.34162547,-12.85120563,-0.141067408
5.65481718,-3.307459033,-7.174642152,1.144041496,1.875488411,-1.443349043,-6.610003708,-10.09676526,5.497068591,1.602726442,-4.328519338,2.599701755,5.021334052,8.77861886,7.571758771,9.06821289,2.145740182,1.711768289,-0.228170643,-13.15361237,-7.850676157,-7.219064173,-7.42928244,-7.252470606,-7.794017605,-0.473100584
-7.064068437,-5.102353092,-5.127546026,-2.283962313,5.259586813,-6.420759267,-5.136000348,-4.689967992,-0.34609292,-1.919748598,-3.570769029,-3.667442446,3.139961611,1.659813488,-2.171518297,-3.853327952,-4.928603796,-1.443573572,2.218452194,-0.945360993,1.286575228,-1.292780917,-0.269673343,-1.917847415,-4.664321603,0.483668883
-7.511317641,-8.34315967,-12.32125361,-11.80842476,-12.552122,-8.097372844,-7.51559892,-14.77629061,-7.615781923,-9.666072178,-10.38666012,-11.7720014,-11.54535671,-10.93967302,-2.643256011,-4.860180719,-4.285061147,-11.09502738,-5.401161174,-10.23303017,-7.036265468,-6.792993087,-11.52413689,-12.26808485,-9.315239505,0.098638676
-3.659262387,-0.468674075,-1.493319711,-10.73506298,-11.9740313,-13.54058551,-12.1834763,-5.204089538,-1.591765433,-8.416963932,-12.31708546,-14.62327138,-7.102320536,-5.957067406,-2.901408658,-9.846805478,-10.76498798,-0.118135904,-3.069644033,-6.000040827,-2.293078402,-11.29434598,-12.80017743,-7.247267156,-12.2384996,-0.326973872
7.468552016,-1.087550732,-8.163922726,0.423494254,-11.9127144,-7.06649463,-7.132412884,-7.019289342,-7.116277,-8.482074715,-9.31338643,-9.456741723,-9.073046894,-8.77116144,1.909992608,1.226876654,0.762007069,-1.01735826,-1.201961714,-13.82169836,-12.38494252,-5.975810874,-2.260195495,-10.15037527,-10.06730373,-0.135040674
-12.43135066,-9.538583229,-8.622275303,-8.161747554,-13.08521512,-8.82680754,-8.723995151,-8.714098888,-8.810436903,-8.843980597,-9.737082741,-7.793153553,-13.57722413,-9.919260583,-10.50937999,-4.863827995,-7.935577598,-7.960610643,-8.739893097,-9.749274421,-9.525191763,-9.509919376,-9.612721953,-9.432808992,-9.596139316,-0.124912927
-7.299852021,-5.442734577,-4.742461649,-3.418217107,-5.392871892,-8.01141057,-6.05912428,-4.7036315,-2.949442616,-12.05146259,-12.65607867,-10.23436254,-7.363189501,-5.594372337,-5.064091953,-7.151938552,-15.51428106,-14.20674697,-15.46888648,-3.943763036,-3.646847752,-8.011910572,-5.296433465,-8.992065475,-16.58564808,-0.191694969
-9.568559629,-9.694995958,-10.10554473,-10.82561862,-6.595196679,-6.63753406,-6.727626809,-8.63205442,-9.402846401,-10.45277725,-8.706989441,-4.937824966,-6.205778371,-7.789111599,-8.941227476,-4.878750748,-7.159061837,-8.542516558,-9.452088375,-3.725213869,-3.982545742,-7.033577702,-5.906063077,-6.846609634,-6.668794889,0.247849264
-1.970542346,0.650888588,-3.932401919,-8.241081446,-9.076918155,-9.017830366,-1.872062352,0.277002421,-5.323181452,-6.481069828,-7.971114125,-5.311613658,-1.33614356,2.040603852,-4.97870573,-0.03563515,-10.95729813,-10.97330958,-2.013141142,-1.432404103,1.084236592,-6.11961466,-7.252620153,-8.069789602,-8.037429873,0.494579529
